-- phpMyAdmin SQL Dump
-- version 5.0.2
-- https://www.phpmyadmin.net/
--
-- Host: 127.0.0.1
-- Generation Time: Jul 06, 2022 at 07:08 AM
-- Server version: 10.4.11-MariaDB
-- PHP Version: 7.4.4

SET SQL_MODE = "NO_AUTO_VALUE_ON_ZERO";
START TRANSACTION;
SET time_zone = "+00:00";


/*!40101 SET @OLD_CHARACTER_SET_CLIENT=@@CHARACTER_SET_CLIENT */;
/*!40101 SET @OLD_CHARACTER_SET_RESULTS=@@CHARACTER_SET_RESULTS */;
/*!40101 SET @OLD_COLLATION_CONNECTION=@@COLLATION_CONNECTION */;
/*!40101 SET NAMES utf8mb4 */;

--
-- Database: `app_sfc`
--

-- --------------------------------------------------------

--
-- Table structure for table `add_video`
--

CREATE TABLE `add_video` (
  `video_id` int(11) NOT NULL,
  `video_url` varchar(255) NOT NULL,
  `upload_date` date NOT NULL,
  `status` varchar(255) NOT NULL
) ENGINE=InnoDB DEFAULT CHARSET=utf8mb4;

--
-- Dumping data for table `add_video`
--

INSERT INTO `add_video` (`video_id`, `video_url`, `upload_date`, `status`) VALUES
(13, 'https://youtu.be/CICqmmpOPs4', '2022-05-03', '1'),
(19, '<iframe width=\"100\" height=\"100\" src=\"https://www.youtube.com/embed/qAYWw67yiN0\" title=\"YouTube video player\" frameborder=\"0\" allow=\"accelerometer; autoplay; clipboard-write; encrypted-media; gyroscope; picture-in-picture\" allowfullscreen></iframe>', '0000-00-00', ''),
(20, '', '0000-00-00', ''),
(21, '', '0000-00-00', ''),
(22, '', '0000-00-00', ''),
(23, '', '0000-00-00', ''),
(24, '', '0000-00-00', ''),
(25, '', '0000-00-00', '');

-- --------------------------------------------------------

--
-- Table structure for table `assumption`
--

CREATE TABLE `assumption` (
  `a_id` int(11) NOT NULL,
  `p_id` int(11) NOT NULL,
  `a_description` varchar(1000) NOT NULL
) ENGINE=InnoDB DEFAULT CHARSET=utf8mb4;

-- --------------------------------------------------------

--
-- Table structure for table `family_detail`
--

CREATE TABLE `family_detail` (
  `f_id` int(11) NOT NULL,
  `f_name` varchar(255) NOT NULL,
  `f_rel` varchar(255) NOT NULL,
  `f_age` int(11) NOT NULL,
  `f_dpn` varchar(255) NOT NULL,
  `p_id` int(11) NOT NULL
) ENGINE=InnoDB DEFAULT CHARSET=utf8mb4;

--
-- Dumping data for table `family_detail`
--

INSERT INTO `family_detail` (`f_id`, `f_name`, `f_rel`, `f_age`, `f_dpn`, `p_id`) VALUES
(31, 'manasvi patel', 'Mother', 45, 'hw', 1),
(32, 'manasvi patel', 'Mother', 45, 'hw', 2),
(33, 'Bhavna Patel', 'Mother', 45, 'Yes', 3),
(71, '', '', 0, '', 41),
(72, '', '', 0, '', 42),
(73, '', '', 0, '', 43),
(74, '', '', 0, '', 44),
(75, '', '', 0, '', 45),
(76, '', '', 0, '', 46),
(77, '', '', 0, '', 47),
(78, '', '', 0, '', 48),
(79, '', '', 0, '', 49),
(80, '', '', 0, '', 50),
(81, '', '', 0, '', 51),
(82, '', '', 0, '', 52),
(83, '', '', 0, '', 53),
(84, '', '', 0, '', 54),
(85, '', '', 0, '', 55),
(86, '', '', 0, '', 56),
(87, '', '', 0, '', 57),
(88, '', '', 0, '', 58),
(89, '', '', 0, '', 59),
(90, '', '', 0, '', 60),
(91, '', '', 0, '', 61),
(92, '', '', 0, '', 62),
(93, '', '', 0, '', 63),
(94, '', '', 0, '', 64),
(95, '', '', 0, '', 65),
(96, '', '', 0, '', 66),
(97, '', '', 0, '', 67),
(98, '', '', 0, '', 68),
(99, '', '', 0, '', 69),
(100, '', '', 0, '', 70),
(101, '', '', 0, '', 71),
(102, '', '', 0, '', 72),
(103, '', '', 0, '', 73),
(104, '', '', 0, '', 74),
(105, '', '', 0, '', 75),
(106, '', '', 0, '', 76),
(107, '', '', 0, '', 77),
(108, '', '', 0, '', 78),
(109, '', '', 0, '', 79),
(110, '', '', 0, '', 80),
(111, '', '', 0, '', 81),
(112, '', '', 0, '', 82),
(113, '', '', 0, '', 83),
(114, '', '', 0, '', 84),
(115, '', '', 0, '', 85),
(116, '', '', 0, '', 86),
(117, '', '', 0, '', 87),
(118, '', '', 0, '', 88),
(119, '', '', 0, '', 89),
(120, '', '', 0, '', 90),
(121, '', '', 0, '', 91),
(122, '', '', 0, '', 92),
(123, '', '', 0, '', 93),
(124, '', '', 0, '', 94),
(125, '', '', 0, '', 95),
(126, '', '', 0, '', 96),
(127, '', '', 0, '', 97),
(128, '', '', 0, '', 98),
(129, '', '', 0, '', 99),
(130, '', '', 0, '', 100),
(131, '', '', 0, '', 101),
(132, '', '', 0, '', 102),
(133, '', '', 0, '', 103),
(134, '', '', 0, '', 104),
(135, '', '', 0, '', 105),
(136, '', '', 0, '', 106),
(137, '', '', 0, '', 107),
(138, '', '', 0, '', 108),
(139, '', '', 0, '', 109),
(140, '', '', 0, '', 110),
(141, '', '', 0, '', 111),
(142, '', '', 0, '', 112),
(143, '', '', 0, '', 113),
(144, '', '', 0, '', 114),
(145, '', '', 0, '', 115),
(146, '', '', 0, '', 116),
(147, '', '', 0, '', 117),
(148, '', '', 0, '', 118),
(149, '', '', 0, '', 119),
(150, '', '', 0, '', 120),
(151, '', '', 0, '', 121),
(152, '', '', 0, '', 122),
(153, '', '', 0, '', 123),
(154, '', '', 0, '', 124),
(155, '', '', 0, '', 125),
(156, '', '', 0, '', 126),
(157, '', '', 0, '', 127),
(158, '', '', 0, '', 128),
(159, '', '', 0, '', 129),
(160, '', '', 0, '', 130),
(161, '', '', 0, '', 131),
(162, '', '', 0, '', 132),
(163, '', '', 0, '', 133),
(164, '', '', 0, '', 134),
(165, '', '', 0, '', 135),
(166, '', '', 0, '', 136),
(167, '', '', 0, '', 137),
(168, '', '', 0, '', 138),
(169, '', '', 0, '', 139),
(170, '', '', 0, '', 140),
(171, '', '', 0, '', 141),
(172, '', '', 0, '', 142),
(173, '', '', 0, '', 143),
(174, '', '', 0, '', 144),
(175, '', '', 0, '', 145),
(176, '', '', 0, '', 146),
(177, '', '', 0, '', 147),
(178, '', '', 0, '', 148),
(179, '', '', 0, '', 149),
(180, '', '', 0, '', 150),
(181, '', '', 0, '', 151),
(182, '', '', 0, '', 152),
(183, '', '', 0, '', 153),
(184, '', '', 0, '', 154),
(185, '', '', 0, '', 155),
(186, '', '', 0, '', 156),
(187, '', '', 0, '', 157),
(188, '', '', 0, '', 158),
(189, '', '', 0, '', 159),
(190, '', '', 0, '', 160),
(191, '', '', 0, '', 161),
(192, '', '', 0, '', 162),
(193, '', '', 0, '', 163),
(194, '', '', 0, '', 164),
(195, '', '', 0, '', 165),
(196, '', '', 0, '', 166),
(197, '', '', 0, '', 167),
(198, '', '', 0, '', 168),
(199, '', '', 0, '', 169),
(200, '', '', 0, '', 170),
(201, '', '', 0, '', 171),
(202, '', '', 0, '', 172),
(203, '', '', 0, '', 173),
(204, '', '', 0, '', 174),
(205, '', '', 0, '', 175),
(206, '', '', 0, '', 176),
(207, '', '', 0, '', 177),
(208, '', '', 0, '', 178),
(209, '', '', 0, '', 179),
(210, '', '', 0, '', 180),
(211, '', '', 0, '', 181),
(212, '', '', 0, '', 182),
(213, '', '', 0, '', 183),
(214, '', '', 0, '', 184),
(215, '', '', 0, '', 185),
(216, '', '', 0, '', 186),
(217, '', '', 0, '', 187),
(218, '', '', 0, '', 188),
(219, '', '', 0, '', 189),
(220, '', '', 0, '', 190),
(221, '', '', 0, '', 191),
(222, '', '', 0, '', 192),
(223, '', '', 0, '', 193),
(224, '', '', 0, '', 194),
(225, '', '', 0, '', 195),
(226, '', '', 0, '', 196),
(227, '', '', 0, '', 197),
(228, '', '', 0, '', 198),
(229, '', '', 0, '', 199),
(230, '', '', 0, '', 200),
(231, '', '', 0, '', 201),
(232, '', '', 0, '', 202),
(233, '', '', 0, '', 203),
(234, '', '', 0, '', 204),
(235, '', '', 0, '', 205),
(236, '', '', 0, '', 206),
(237, '', '', 0, '', 207),
(238, '', '', 0, '', 208),
(239, '', '', 0, '', 209),
(240, '', '', 0, '', 210),
(241, '', '', 0, '', 211),
(242, '', '', 0, '', 212),
(243, '', '', 0, '', 213),
(244, '', '', 0, '', 214),
(245, '', '', 0, '', 215),
(246, '', '', 0, '', 216),
(247, '', '', 0, '', 217),
(248, '', '', 0, '', 218),
(249, '', '', 0, '', 219),
(250, '', '', 0, '', 220),
(251, '', '', 0, '', 221),
(252, '', '', 0, '', 222),
(253, '', '', 0, '', 223),
(254, '', '', 0, '', 224),
(255, '', '', 0, '', 225),
(256, '', '', 0, '', 226),
(257, '', '', 0, '', 227),
(258, '', '', 0, '', 228),
(259, '', '', 0, '', 229),
(260, '', '', 0, '', 230),
(261, '', '', 0, '', 231),
(262, '', '', 0, '', 232),
(263, '', '', 0, '', 233),
(264, '', '', 0, '', 234),
(265, '', '', 0, '', 235),
(266, '', '', 0, '', 236),
(267, '', '', 0, '', 237),
(268, '', '', 0, '', 238),
(269, '', '', 0, '', 239),
(270, '', '', 0, '', 240),
(271, '', '', 0, '', 241),
(272, '', '', 0, '', 242),
(273, '', '', 0, '', 243),
(274, '', '', 0, '', 244),
(275, '', '', 0, '', 245),
(276, '', '', 0, '', 246),
(277, '', '', 0, '', 247),
(278, '', '', 0, '', 248),
(279, '', '', 0, '', 249),
(280, '', '', 0, '', 250),
(281, '', '', 0, '', 251),
(282, '', '', 0, '', 252),
(283, '', '', 0, '', 253),
(284, '', '', 0, '', 254),
(285, '', '', 0, '', 255),
(286, '', '', 0, '', 256),
(287, '', '', 0, '', 257),
(288, '', '', 0, '', 258),
(289, '', '', 0, '', 259),
(290, '', '', 0, '', 260),
(291, '', '', 0, '', 261),
(292, '', '', 0, '', 262),
(293, '', '', 0, '', 263),
(294, '', '', 0, '', 264),
(295, '', '', 0, '', 265),
(296, '', '', 0, '', 266),
(297, '', '', 0, '', 267),
(298, '', '', 0, '', 268),
(299, '', '', 0, '', 269),
(300, '', '', 0, '', 270),
(301, '', '', 0, '', 271),
(302, '', '', 0, '', 272),
(303, '', '', 0, '', 273),
(304, '', '', 0, '', 274),
(305, '', '', 0, '', 275),
(306, '', '', 0, '', 276),
(307, '', '', 0, '', 277),
(308, '', '', 0, '', 278),
(309, '', '', 0, '', 279),
(310, '', '', 0, '', 280),
(311, '', '', 0, '', 281),
(312, '', '', 0, '', 282);

-- --------------------------------------------------------

--
-- Table structure for table `financial_assets`
--

CREATE TABLE `financial_assets` (
  `f_id` int(11) NOT NULL,
  `f_ass_nm` varchar(255) NOT NULL,
  `f_amt` int(11) NOT NULL,
  `f_total_am` int(11) NOT NULL,
  `f_ass_total` int(11) NOT NULL,
  `_per_ass_total` int(11) NOT NULL
) ENGINE=InnoDB DEFAULT CHARSET=utf8mb4;

-- --------------------------------------------------------

--
-- Table structure for table `financial_goal`
--

CREATE TABLE `financial_goal` (
  `fg_id` int(11) NOT NULL,
  `note` varchar(1000) NOT NULL,
  `risk_level` varchar(1000) NOT NULL,
  `p_id` int(11) NOT NULL
) ENGINE=InnoDB DEFAULT CHARSET=utf8mb4;

-- --------------------------------------------------------

--
-- Table structure for table `goal_detail`
--

CREATE TABLE `goal_detail` (
  `g_id` int(11) NOT NULL,
  `g_dsc` varchar(255) NOT NULL,
  `g_freq` varchar(255) NOT NULL,
  `g_value` int(11) NOT NULL,
  `g_Inflation` int(11) NOT NULL,
  `g_st_year` int(11) NOT NULL,
  `g_end_year` int(11) NOT NULL,
  `g_priority` varchar(255) NOT NULL,
  `p_id` int(11) NOT NULL,
  `fg_id` int(11) NOT NULL
) ENGINE=InnoDB DEFAULT CHARSET=utf8mb4;

-- --------------------------------------------------------

--
-- Table structure for table `liabilities`
--

CREATE TABLE `liabilities` (
  `l_id` int(11) NOT NULL,
  `l_ass_nm` varchar(255) NOT NULL,
  `l_amt` int(11) NOT NULL,
  `l_total_am` int(11) NOT NULL,
  `l_ass_total` int(11) NOT NULL,
  `l_per_ass_total` int(11) NOT NULL
) ENGINE=InnoDB DEFAULT CHARSET=utf8mb4;

-- --------------------------------------------------------

--
-- Table structure for table `login`
--

CREATE TABLE `login` (
  `l_id` int(11) NOT NULL,
  `name` varchar(255) NOT NULL,
  `pswd` varchar(255) NOT NULL
) ENGINE=InnoDB DEFAULT CHARSET=utf8mb4;

--
-- Dumping data for table `login`
--

INSERT INTO `login` (`l_id`, `name`, `pswd`) VALUES
(1, 'admin', 'admin');

-- --------------------------------------------------------

--
-- Table structure for table `networth`
--

CREATE TABLE `networth` (
  `id` int(11) NOT NULL,
  `Total_Liabilities` int(11) NOT NULL,
  `Total_NetWorth` int(11) NOT NULL,
  `notes` varchar(1000) NOT NULL
) ENGINE=InnoDB DEFAULT CHARSET=utf8mb4;

-- --------------------------------------------------------

--
-- Table structure for table `net_worth_assets`
--

CREATE TABLE `net_worth_assets` (
  `nw_id` int(11) NOT NULL,
  `nw_ass_nm` varchar(255) NOT NULL,
  `nw_amt` int(11) NOT NULL,
  `nw_total_am` int(11) NOT NULL,
  `nm_ass_total` int(11) NOT NULL,
  `nm_per_ass_total` int(11) NOT NULL
) ENGINE=InnoDB DEFAULT CHARSET=utf8mb4;

-- --------------------------------------------------------

--
-- Table structure for table `payment`
--

CREATE TABLE `payment` (
  `payment_id` int(11) NOT NULL,
  `payment_type` varchar(100) NOT NULL,
  `payment_date` date NOT NULL,
  `client_name` varchar(1000) NOT NULL,
  `image` text NOT NULL
) ENGINE=InnoDB DEFAULT CHARSET=utf8mb4;

-- --------------------------------------------------------

--
-- Table structure for table `personal_assets`
--

CREATE TABLE `personal_assets` (
  `p_id` int(11) NOT NULL,
  `p_ass_nm` varchar(255) NOT NULL,
  `p_amt` int(11) NOT NULL,
  `p_total_am` int(11) NOT NULL,
  `p_ass_total` int(11) NOT NULL,
  `p_per_ass_total` int(11) NOT NULL
) ENGINE=InnoDB DEFAULT CHARSET=utf8mb4;

-- --------------------------------------------------------

--
-- Table structure for table `personal_detail`
--

CREATE TABLE `personal_detail` (
  `p_id` int(11) NOT NULL,
  `s_name` varchar(255) NOT NULL,
  `s_age` int(11) NOT NULL,
  `s_pan` varchar(255) NOT NULL,
  `s_occ` varchar(255) NOT NULL,
  `sp_name` varchar(255) NOT NULL,
  `sp_age` int(11) NOT NULL,
  `sp_pan` varchar(255) NOT NULL,
  `sp_occ` varchar(255) NOT NULL,
  `p_add` varchar(255) NOT NULL,
  `p_email` varchar(255) NOT NULL,
  `p_contact` int(10) NOT NULL
) ENGINE=InnoDB DEFAULT CHARSET=utf8mb4;

--
-- Dumping data for table `personal_detail`
--

INSERT INTO `personal_detail` (`p_id`, `s_name`, `s_age`, `s_pan`, `s_occ`, `sp_name`, `sp_age`, `sp_pan`, `sp_occ`, `p_add`, `p_email`, `p_contact`) VALUES
(1, 'manasvi', 24, 'P-2541Man', 'WP developer ', 'Biken', 25, 'F-4152', 'Mechanical Er ', 'vesu\r\nsurat', 'manasvipbc@gmail.com', 1236547890),
(2, 'manasvi', 24, 'P-2541Man', 'WP developer ', 'Biken', 25, 'F-4152', 'Mechanical Er ', 'vesu\r\nsurat', 'manasvipbc@gmail.com', 1236547890),
(3, 'manasvi', 24, 'P-2541Man', 'WP developer ', 'Biken', 26, 'F-4152', 'Mechanical Er ', 'vesu\r\nsurat', 'manasvipbc@gmail.com', 2147483647),
(4, '', 0, '', '', '', 0, '', '', '', '', 0),
(5, '', 0, '', '', '', 0, '', '', '', '', 0),
(6, '', 0, '', '', '', 0, '', '', '', '', 0),
(7, '', 0, '', '', '', 0, '', '', '', '', 0),
(8, '', 0, '', '', '', 0, '', '', '', '', 0),
(9, '', 0, '', '', '', 0, '', '', '', '', 0),
(10, '', 0, '', '', '', 0, '', '', '', '', 0),
(11, '', 0, '', '', '', 0, '', '', '', '', 0),
(12, '', 0, '', '', '', 0, '', '', '', '', 0),
(13, '', 0, '', '', '', 0, '', '', '', '', 0),
(14, '', 0, '', '', '', 0, '', '', '', '', 0),
(15, '', 0, '', '', '', 0, '', '', '', '', 0),
(16, '', 0, '', '', '', 0, '', '', '', '', 0),
(17, '', 0, '', '', '', 0, '', '', '', '', 0),
(18, '', 0, '', '', '', 0, '', '', '', '', 0),
(19, '', 0, '', '', '', 0, '', '', '', '', 0),
(20, '', 0, '', '', '', 0, '', '', '', '', 0),
(21, '', 0, '', '', '', 0, '', '', '', '', 0),
(22, '', 0, '', '', '', 0, '', '', '', '', 0),
(23, '', 0, '', '', '', 0, '', '', '', '', 0),
(24, '', 0, '', '', '', 0, '', '', '', '', 0),
(25, '', 0, '', '', '', 0, '', '', '', '', 0),
(26, '', 0, '', '', '', 0, '', '', '', '', 0),
(27, '', 0, '', '', '', 0, '', '', '', '', 0),
(28, '', 0, '', '', '', 0, '', '', '', '', 0),
(29, '', 0, '', '', '', 0, '', '', '', '', 0),
(30, '', 0, '', '', '', 0, '', '', '', '', 0),
(31, '', 0, '', '', '', 0, '', '', '', '', 0),
(32, '', 0, '', '', '', 0, '', '', '', '', 0),
(33, '', 0, '', '', '', 0, '', '', '', '', 0),
(34, '', 0, '', '', '', 0, '', '', '', '', 0),
(35, '', 0, '', '', '', 0, '', '', '', '', 0),
(36, '', 0, '', '', '', 0, '', '', '', '', 0),
(37, '', 0, '', '', '', 0, '', '', '', '', 0),
(38, '', 0, '', '', '', 0, '', '', '', '', 0),
(39, '', 0, '', '', '', 0, '', '', '', '', 0),
(40, '', 0, '', '', '', 0, '', '', '', '', 0),
(41, '', 0, '', '', '', 0, '', '', '', '', 0),
(42, '', 0, '', '', '', 0, '', '', ' ', '', 0),
(43, '', 0, '', '', '', 0, '', '', '', '', 0),
(44, '', 0, '', '', '', 0, '', '', '', '', 0),
(45, '', 0, '', '', '', 0, '', '', '', '', 0),
(46, '', 0, '', '', '', 0, '', '', '', '', 0),
(47, '', 0, '', '', '', 0, '', '', '', '', 0),
(48, '', 0, '', '', '', 0, '', '', '', '', 0),
(49, '', 0, '', '', '', 0, '', '', '', '', 0),
(50, '', 0, '', '', '', 0, '', '', '', '', 0),
(51, '', 0, '', '', '', 0, '', '', '', '', 0),
(52, '', 0, '', '', '', 0, '', '', '', '', 0),
(53, '', 0, '', '', '', 0, '', '', '', '', 0),
(54, '', 0, '', '', '', 0, '', '', '', '', 0),
(55, '', 0, '', '', '', 0, '', '', '', '', 0),
(56, '', 0, '', '', '', 0, '', '', '', '', 0),
(57, '', 0, '', '', '', 0, '', '', '', '', 0),
(58, '', 0, '', '', '', 0, '', '', '', '', 0),
(59, '', 0, '', '', '', 0, '', '', '', '', 0),
(60, '', 0, '', '', '', 0, '', '', '', '', 0),
(61, '', 0, '', '', '', 0, '', '', '', '', 0),
(62, '', 0, '', '', '', 0, '', '', '', '', 0),
(63, '', 0, '', '', '', 0, '', '', '', '', 0),
(64, '', 0, '', '', '', 0, '', '', '', '', 0),
(65, '', 0, '', '', '', 0, '', '', '', '', 0),
(66, '', 0, '', '', '', 0, '', '', '', '', 0),
(67, '', 0, '', '', '', 0, '', '', '', '', 0),
(68, '', 0, '', '', '', 0, '', '', '', '', 0),
(69, '', 0, '', '', '', 0, '', '', '', '', 0),
(70, '', 0, '', '', '', 0, '', '', '', '', 0),
(71, '', 0, '', '', '', 0, '', '', '', '', 0),
(72, '', 0, '', '', '', 0, '', '', '', '', 0),
(73, '', 0, '', '', '', 0, '', '', '', '', 0),
(74, '', 0, '', '', '', 0, '', '', '', '', 0),
(75, '', 0, '', '', '', 0, '', '', '', '', 0),
(76, '', 0, '', '', '', 0, '', '', '', '', 0),
(77, '', 0, '', '', '', 0, '', '', '', '', 0),
(78, '', 0, '', '', '', 0, '', '', '', '', 0),
(79, '', 0, '', '', '', 0, '', '', '', '', 0),
(80, '', 0, '', '', '', 0, '', '', '', '', 0),
(81, '', 0, '', '', '', 0, '', '', '', '', 0),
(82, '', 0, '', '', '', 0, '', '', '', '', 0),
(83, '', 0, '', '', '', 0, '', '', '', '', 0),
(84, '', 0, '', '', '', 0, '', '', '', '', 0),
(85, '', 0, '', '', '', 0, '', '', '', '', 0),
(86, '', 0, '', '', '', 0, '', '', '', '', 0),
(87, '', 0, '', '', '', 0, '', '', '', '', 0),
(88, '', 0, '', '', '', 0, '', '', '', '', 0),
(89, '', 0, '', '', '', 0, '', '', '', '', 0),
(90, '', 0, '', '', '', 0, '', '', '', '', 0),
(91, '', 0, '', '', '', 0, '', '', '', '', 0),
(92, '', 0, '', '', '', 0, '', '', '', '', 0),
(93, '', 0, '', '', '', 0, '', '', '', '', 0),
(94, '', 0, '', '', '', 0, '', '', '', '', 0),
(95, '', 0, '', '', '', 0, '', '', '', '', 0),
(96, '', 0, '', '', '', 0, '', '', '', '', 0),
(97, '', 0, '', '', '', 0, '', '', '', '', 0),
(98, '', 0, '', '', '', 0, '', '', '', '', 0),
(99, '', 0, '', '', '', 0, '', '', '', '', 0),
(100, '', 0, '', '', '', 0, '', '', '', '', 0),
(101, '', 0, '', '', '', 0, '', '', '', '', 0),
(102, '', 0, '', '', '', 0, '', '', '', '', 0),
(103, '', 0, '', '', '', 0, '', '', '', '', 0),
(104, '', 0, '', '', '', 0, '', '', '', '', 0),
(105, '', 0, '', '', '', 0, '', '', '', '', 0),
(106, '', 0, '', '', '', 0, '', '', '', '', 0),
(107, '', 0, '', '', '', 0, '', '', '', '', 0),
(108, '', 0, '', '', '', 0, '', '', '', '', 0),
(109, '', 0, '', '', '', 0, '', '', '', '', 0),
(110, '', 0, '', '', '', 0, '', '', '', '', 0),
(111, '', 0, '', '', '', 0, '', '', '', '', 0),
(112, '', 0, '', '', '', 0, '', '', '', '', 0),
(113, '', 0, '', '', '', 0, '', '', '', '', 0),
(114, '', 0, '', '', '', 0, '', '', '', '', 0),
(115, '', 0, '', '', '', 0, '', '', '', '', 0),
(116, '', 0, '', '', '', 0, '', '', '', '', 0),
(117, '', 0, '', '', '', 0, '', '', '', '', 0),
(118, '', 0, '', '', '', 0, '', '', '', '', 0),
(119, '', 0, '', '', '', 0, '', '', '', '', 0),
(120, '', 0, '', '', '', 0, '', '', '', '', 0),
(121, '', 0, '', '', '', 0, '', '', '', '', 0),
(122, '', 0, '', '', '', 0, '', '', '', '', 0),
(123, '', 0, '', '', '', 0, '', '', '', '', 0),
(124, '', 0, '', '', '', 0, '', '', '', '', 0),
(125, '', 0, '', '', '', 0, '', '', '', '', 0),
(126, '', 0, '', '', '', 0, '', '', '', '', 0),
(127, '', 0, '', '', '', 0, '', '', '', '', 0),
(128, '', 0, '', '', '', 0, '', '', '', '', 0),
(129, '', 0, '', '', '', 0, '', '', '', '', 0),
(130, '', 0, '', '', '', 0, '', '', '', '', 0),
(131, '', 0, '', '', '', 0, '', '', '', '', 0),
(132, '', 0, '', '', '', 0, '', '', '', '', 0),
(133, '', 0, '', '', '', 0, '', '', '', '', 0),
(134, '', 0, '', '', '', 0, '', '', '', '', 0),
(135, '', 0, '', '', '', 0, '', '', '', '', 0),
(136, '', 0, '', '', '', 0, '', '', '', '', 0),
(137, '', 0, '', '', '', 0, '', '', '', '', 0),
(138, '', 0, '', '', '', 0, '', '', '', '', 0),
(139, '', 0, '', '', '', 0, '', '', '', '', 0),
(140, '', 0, '', '', '', 0, '', '', '', '', 0),
(141, '', 0, '', '', '', 0, '', '', '', '', 0),
(142, '', 0, '', '', '', 0, '', '', '', '', 0),
(143, '', 0, '', '', '', 0, '', '', '', '', 0),
(144, '', 0, '', '', '', 0, '', '', '', '', 0),
(145, '', 0, '', '', '', 0, '', '', '', '', 0),
(146, '', 0, '', '', '', 0, '', '', '', '', 0),
(147, '', 0, '', '', '', 0, '', '', '', '', 0),
(148, '', 0, '', '', '', 0, '', '', '', '', 0),
(149, '', 0, '', '', '', 0, '', '', '', '', 0),
(150, '', 0, '', '', '', 0, '', '', '', '', 0),
(151, '', 0, '', '', '', 0, '', '', '', '', 0),
(152, '', 0, '', '', '', 0, '', '', '', '', 0),
(153, '', 0, '', '', '', 0, '', '', '', '', 0),
(154, '', 0, '', '', '', 0, '', '', '', '', 0),
(155, '', 0, '', '', '', 0, '', '', '', '', 0),
(156, '', 0, '', '', '', 0, '', '', '', '', 0),
(157, '', 0, '', '', '', 0, '', '', '', '', 0),
(158, '', 0, '', '', '', 0, '', '', '', '', 0),
(159, '', 0, '', '', '', 0, '', '', '', '', 0),
(160, '', 0, '', '', '', 0, '', '', '', '', 0),
(161, '', 0, '', '', '', 0, '', '', '', '', 0),
(162, '', 0, '', '', '', 0, '', '', '', '', 0),
(163, '', 0, '', '', '', 0, '', '', '', '', 0),
(164, '', 0, '', '', '', 0, '', '', '', '', 0),
(165, '', 0, '', '', '', 0, '', '', '', '', 0),
(166, '', 0, '', '', '', 0, '', '', '', '', 0),
(167, '', 0, '', '', '', 0, '', '', '', '', 0),
(168, '', 0, '', '', '', 0, '', '', '', '', 0),
(169, '', 0, '', '', '', 0, '', '', '', '', 0),
(170, '', 0, '', '', '', 0, '', '', '', '', 0),
(171, '', 0, '', '', '', 0, '', '', '', '', 0),
(172, '', 0, '', '', '', 0, '', '', '', '', 0),
(173, '', 0, '', '', '', 0, '', '', '', '', 0),
(174, '', 0, '', '', '', 0, '', '', '', '', 0),
(175, '', 0, '', '', '', 0, '', '', '', '', 0),
(176, '', 0, '', '', '', 0, '', '', '', '', 0),
(177, '', 0, '', '', '', 0, '', '', '', '', 0),
(178, '', 0, '', '', '', 0, '', '', '', '', 0),
(179, '', 0, '', '', '', 0, '', '', '', '', 0),
(180, '', 0, '', '', '', 0, '', '', '', '', 0),
(181, '', 0, '', '', '', 0, '', '', '', '', 0),
(182, '', 0, '', '', '', 0, '', '', '', '', 0),
(183, '', 0, '', '', '', 0, '', '', '', '', 0),
(184, '', 0, '', '', '', 0, '', '', '', '', 0),
(185, '', 0, '', '', '', 0, '', '', '', '', 0),
(186, '', 0, '', '', '', 0, '', '', '', '', 0),
(187, '', 0, '', '', '', 0, '', '', '', '', 0),
(188, '', 0, '', '', '', 0, '', '', '', '', 0),
(189, '', 0, '', '', '', 0, '', '', '', '', 0),
(190, '', 0, '', '', '', 0, '', '', '', '', 0),
(191, '', 0, '', '', '', 0, '', '', '', '', 0),
(192, '', 0, '', '', '', 0, '', '', '', '', 0),
(193, '', 0, '', '', '', 0, '', '', '', '', 0),
(194, '', 0, '', '', '', 0, '', '', '', '', 0),
(195, '', 0, '', '', '', 0, '', '', '', '', 0),
(196, '', 0, '', '', '', 0, '', '', '', '', 0),
(197, '', 0, '', '', '', 0, '', '', '', '', 0),
(198, '', 0, '', '', '', 0, '', '', '', '', 0),
(199, '', 0, '', '', '', 0, '', '', '', '', 0),
(200, '', 0, '', '', '', 0, '', '', '', '', 0),
(201, '', 0, '', '', '', 0, '', '', '', '', 0),
(202, '', 0, '', '', '', 0, '', '', '', '', 0),
(203, '', 0, '', '', '', 0, '', '', '', '', 0),
(204, '', 0, '', '', '', 0, '', '', '', '', 0),
(205, '', 0, '', '', '', 0, '', '', '', '', 0),
(206, '', 0, '', '', '', 0, '', '', '', '', 0),
(207, '', 0, '', '', '', 0, '', '', '', '', 0),
(208, '', 0, '', '', '', 0, '', '', '', '', 0),
(209, '', 0, '', '', '', 0, '', '', '', '', 0),
(210, '', 0, '', '', '', 0, '', '', '', '', 0),
(211, '', 0, '', '', '', 0, '', '', '', '', 0),
(212, '', 0, '', '', '', 0, '', '', '', '', 0),
(213, '', 0, '', '', '', 0, '', '', '', '', 0),
(214, '', 0, '', '', '', 0, '', '', '', '', 0),
(215, '', 0, '', '', '', 0, '', '', '', '', 0),
(216, '', 0, '', '', '', 0, '', '', '', '', 0),
(217, '', 0, '', '', '', 0, '', '', '', '', 0),
(218, '', 0, '', '', '', 0, '', '', '', '', 0),
(219, '', 0, '', '', '', 0, '', '', '', '', 0),
(220, '', 0, '', '', '', 0, '', '', '', '', 0),
(221, '', 0, '', '', '', 0, '', '', '', '', 0),
(222, '', 0, '', '', '', 0, '', '', '', '', 0),
(223, '', 0, '', '', '', 0, '', '', '', '', 0),
(224, '', 0, '', '', '', 0, '', '', '', '', 0),
(225, '', 0, '', '', '', 0, '', '', '', '', 0),
(226, '', 0, '', '', '', 0, '', '', '', '', 0),
(227, '', 0, '', '', '', 0, '', '', '', '', 0),
(228, '', 0, '', '', '', 0, '', '', '', '', 0),
(229, '', 0, '', '', '', 0, '', '', '', '', 0),
(230, '', 0, '', '', '', 0, '', '', '', '', 0),
(231, '', 0, '', '', '', 0, '', '', '', '', 0),
(232, '', 0, '', '', '', 0, '', '', '', '', 0),
(233, '', 0, '', '', '', 0, '', '', '', '', 0),
(234, '', 0, '', '', '', 0, '', '', '', '', 0),
(235, '', 0, '', '', '', 0, '', '', '', '', 0),
(236, '', 0, '', '', '', 0, '', '', '', '', 0),
(237, '', 0, '', '', '', 0, '', '', '', '', 0),
(238, '', 0, '', '', '', 0, '', '', '', '', 0),
(239, '', 0, '', '', '', 0, '', '', '', '', 0),
(240, '', 0, '', '', '', 0, '', '', '', '', 0),
(241, '', 0, '', '', '', 0, '', '', '', '', 0),
(242, '', 0, '', '', '', 0, '', '', '', '', 0),
(243, '', 0, '', '', '', 0, '', '', '', '', 0),
(244, '', 0, '', '', '', 0, '', '', '', '', 0),
(245, '', 0, '', '', '', 0, '', '', '', '', 0),
(246, '', 0, '', '', '', 0, '', '', '', '', 0),
(247, '', 0, '', '', '', 0, '', '', '', '', 0),
(248, '', 0, '', '', '', 0, '', '', '', '', 0),
(249, '', 0, '', '', '', 0, '', '', '', '', 0),
(250, '', 0, '', '', '', 0, '', '', '', '', 0),
(251, '', 0, '', '', '', 0, '', '', '', '', 0),
(252, '', 0, '', '', '', 0, '', '', '', '', 0),
(253, '', 0, '', '', '', 0, '', '', '', '', 0),
(254, '', 0, '', '', '', 0, '', '', '', '', 0),
(255, '', 0, '', '', '', 0, '', '', '', '', 0),
(256, '', 0, '', '', '', 0, '', '', '', '', 0),
(257, '', 0, '', '', '', 0, '', '', '', '', 0),
(258, '', 0, '', '', '', 0, '', '', '', '', 0),
(259, '', 0, '', '', '', 0, '', '', '', '', 0),
(260, '', 0, '', '', '', 0, '', '', '', '', 0),
(261, '', 0, '', '', '', 0, '', '', '', '', 0),
(262, '', 0, '', '', '', 0, '', '', '', '', 0),
(263, '', 0, '', '', '', 0, '', '', '', '', 0),
(264, '', 0, '', '', '', 0, '', '', '', '', 0),
(265, '', 0, '', '', '', 0, '', '', '', '', 0),
(266, '', 0, '', '', '', 0, '', '', '', '', 0),
(267, '', 0, '', '', '', 0, '', '', '', '', 0),
(268, '', 0, '', '', '', 0, '', '', '', '', 0),
(269, '', 0, '', '', '', 0, '', '', '', '', 0),
(270, '', 0, '', '', '', 0, '', '', '', '', 0),
(271, '', 0, '', '', '', 0, '', '', '', '', 0),
(272, '', 0, '', '', '', 0, '', '', '', '', 0),
(273, '', 0, '', '', '', 0, '', '', '', '', 0),
(274, '', 0, '', '', '', 0, '', '', '', '', 0),
(275, '', 0, '', '', '', 0, '', '', '', '', 0),
(276, '', 0, '', '', '', 0, '', '', '', '', 0),
(277, '', 0, '', '', '', 0, '', '', '', '', 0),
(278, '', 0, '', '', '', 0, '', '', '', '', 0),
(279, '', 0, '', '', '', 0, '', '', '', '', 0),
(280, '', 0, '', '', '', 0, '', '', '', '', 0),
(281, '', 0, '', '', '', 0, '', '', '', '', 0),
(282, '', 0, '', '', '', 0, '', '', '', '', 0);

-- --------------------------------------------------------

--
-- Table structure for table `retirement_assets`
--

CREATE TABLE `retirement_assets` (
  `r_id` int(11) NOT NULL,
  `r_ass_nm` varchar(255) NOT NULL,
  `r_amt` int(11) NOT NULL,
  `r_total_am` int(11) NOT NULL,
  `r_ass_total` int(11) NOT NULL,
  `r_per_ass_total` int(11) NOT NULL
) ENGINE=InnoDB DEFAULT CHARSET=utf8mb4;

-- --------------------------------------------------------

--
-- Table structure for table `tangible_assets`
--

CREATE TABLE `tangible_assets` (
  `t_id` int(11) NOT NULL,
  `t_ass_nm` varchar(255) NOT NULL,
  `t_amt` int(11) NOT NULL,
  `t_total_am` int(11) NOT NULL,
  `t_ass_total` int(11) NOT NULL,
  `t_per_ass_total` int(11) NOT NULL
) ENGINE=InnoDB DEFAULT CHARSET=utf8mb4;

--
-- Indexes for dumped tables
--

--
-- Indexes for table `add_video`
--
ALTER TABLE `add_video`
  ADD PRIMARY KEY (`video_id`);

--
-- Indexes for table `assumption`
--
ALTER TABLE `assumption`
  ADD PRIMARY KEY (`a_id`);

--
-- Indexes for table `family_detail`
--
ALTER TABLE `family_detail`
  ADD PRIMARY KEY (`f_id`),
  ADD KEY `family_detail_ibfk_1` (`p_id`);

--
-- Indexes for table `financial_assets`
--
ALTER TABLE `financial_assets`
  ADD PRIMARY KEY (`f_id`);

--
-- Indexes for table `financial_goal`
--
ALTER TABLE `financial_goal`
  ADD PRIMARY KEY (`fg_id`),
  ADD KEY `p_id` (`p_id`);

--
-- Indexes for table `goal_detail`
--
ALTER TABLE `goal_detail`
  ADD PRIMARY KEY (`g_id`),
  ADD KEY `fg_id` (`fg_id`),
  ADD KEY `p_id` (`p_id`);

--
-- Indexes for table `liabilities`
--
ALTER TABLE `liabilities`
  ADD PRIMARY KEY (`l_id`);

--
-- Indexes for table `login`
--
ALTER TABLE `login`
  ADD PRIMARY KEY (`l_id`);

--
-- Indexes for table `networth`
--
ALTER TABLE `networth`
  ADD PRIMARY KEY (`id`);

--
-- Indexes for table `net_worth_assets`
--
ALTER TABLE `net_worth_assets`
  ADD PRIMARY KEY (`nw_id`,`nw_amt`);

--
-- Indexes for table `payment`
--
ALTER TABLE `payment`
  ADD PRIMARY KEY (`payment_id`);

--
-- Indexes for table `personal_assets`
--
ALTER TABLE `personal_assets`
  ADD PRIMARY KEY (`p_id`);

--
-- Indexes for table `personal_detail`
--
ALTER TABLE `personal_detail`
  ADD PRIMARY KEY (`p_id`);

--
-- Indexes for table `retirement_assets`
--
ALTER TABLE `retirement_assets`
  ADD PRIMARY KEY (`r_id`);

--
-- Indexes for table `tangible_assets`
--
ALTER TABLE `tangible_assets`
  ADD PRIMARY KEY (`t_id`);

--
-- AUTO_INCREMENT for dumped tables
--

--
-- AUTO_INCREMENT for table `add_video`
--
ALTER TABLE `add_video`
  MODIFY `video_id` int(11) NOT NULL AUTO_INCREMENT, AUTO_INCREMENT=26;

--
-- AUTO_INCREMENT for table `assumption`
--
ALTER TABLE `assumption`
  MODIFY `a_id` int(11) NOT NULL AUTO_INCREMENT;

--
-- AUTO_INCREMENT for table `family_detail`
--
ALTER TABLE `family_detail`
  MODIFY `f_id` int(11) NOT NULL AUTO_INCREMENT, AUTO_INCREMENT=313;

--
-- AUTO_INCREMENT for table `financial_assets`
--
ALTER TABLE `financial_assets`
  MODIFY `f_id` int(11) NOT NULL AUTO_INCREMENT;

--
-- AUTO_INCREMENT for table `financial_goal`
--
ALTER TABLE `financial_goal`
  MODIFY `fg_id` int(11) NOT NULL AUTO_INCREMENT;

--
-- AUTO_INCREMENT for table `goal_detail`
--
ALTER TABLE `goal_detail`
  MODIFY `g_id` int(11) NOT NULL AUTO_INCREMENT;

--
-- AUTO_INCREMENT for table `liabilities`
--
ALTER TABLE `liabilities`
  MODIFY `l_id` int(11) NOT NULL AUTO_INCREMENT;

--
-- AUTO_INCREMENT for table `login`
--
ALTER TABLE `login`
  MODIFY `l_id` int(11) NOT NULL AUTO_INCREMENT, AUTO_INCREMENT=8;

--
-- AUTO_INCREMENT for table `networth`
--
ALTER TABLE `networth`
  MODIFY `id` int(11) NOT NULL AUTO_INCREMENT;

--
-- AUTO_INCREMENT for table `net_worth_assets`
--
ALTER TABLE `net_worth_assets`
  MODIFY `nw_id` int(11) NOT NULL AUTO_INCREMENT;

--
-- AUTO_INCREMENT for table `payment`
--
ALTER TABLE `payment`
  MODIFY `payment_id` int(11) NOT NULL AUTO_INCREMENT;

--
-- AUTO_INCREMENT for table `personal_assets`
--
ALTER TABLE `personal_assets`
  MODIFY `p_id` int(11) NOT NULL AUTO_INCREMENT;

--
-- AUTO_INCREMENT for table `personal_detail`
--
ALTER TABLE `personal_detail`
  MODIFY `p_id` int(11) NOT NULL AUTO_INCREMENT, AUTO_INCREMENT=283;

--
-- AUTO_INCREMENT for table `retirement_assets`
--
ALTER TABLE `retirement_assets`
  MODIFY `r_id` int(11) NOT NULL AUTO_INCREMENT;

--
-- AUTO_INCREMENT for table `tangible_assets`
--
ALTER TABLE `tangible_assets`
  MODIFY `t_id` int(11) NOT NULL AUTO_INCREMENT;

--
-- Constraints for dumped tables
--

--
-- Constraints for table `family_detail`
--
ALTER TABLE `family_detail`
  ADD CONSTRAINT `family_detail_ibfk_1` FOREIGN KEY (`p_id`) REFERENCES `personal_detail` (`p_id`);
COMMIT;

/*!40101 SET CHARACTER_SET_CLIENT=@OLD_CHARACTER_SET_CLIENT */;
/*!40101 SET CHARACTER_SET_RESULTS=@OLD_CHARACTER_SET_RESULTS */;
/*!40101 SET COLLATION_CONNECTION=@OLD_COLLATION_CONNECTION */;
